"Paradigm","Task","RMSE","R2","MAE","Runtime_s"
"Classical DEB","Interpolation (20 C, variable kappa)",0.203559147263935,0.944291371844779,0.163024968937817,0.00369453430175781
"Bayesian DEB","Interpolation (20 C, variable kappa)",0.203982345739899,0.944059495126449,0.163020708450285,1.04519104957581
"Random Forest","Interpolation (20 C, variable kappa)",0.500219896318969,0.663594457950925,0.371684765402369,0.00399422645568848
"XGBoost","Interpolation (20 C, variable kappa)",0.120002881560225,0.980639143437974,0.09257901329672,0.0161683559417725
