"Paradigm","Task","RMSE","R2","MAE","Coverage_95","Runtime_s"
"Classical DEB","Interpolation (15+20+25 C)",0.128371220826641,0.988130977817176,0.101221296520281,NA,0.00763130187988281
"Classical DEB","Extrapolation (28 C)",0.113470295213506,0.989545675485239,0.0896461371645724,NA,NA
"Bayesian DEB","Interpolation (15+20+25 C)",0.128371736772289,0.988130882409769,0.101224254363967,NA,1.70217680931091
"Bayesian DEB","Extrapolation (28 C)",0.113554454650563,0.989530162062214,0.0897404439027398,0.973333333333333,NA
"Random Forest","Interpolation (15+20+25 C)",0.116661108699323,0.990197614058852,0.091976737740741,NA,0.0534088611602783
"Random Forest","Extrapolation (28 C)",0.230013885638463,0.957042428989405,0.185148572110562,NA,NA
"XGBoost","Interpolation (15+20+25 C)",0.116605441421284,0.990206966652194,0.0920797769642436,NA,0.0181787014007568
"XGBoost","Extrapolation (28 C)",0.227018861083608,0.958153851819414,0.182261907519419,NA,NA
