"Paradigm","Task","RMSE","R2","MAE","Coverage_95","Runtime_s"
"Classical DEB","Interpolation (20 C)",0.12919430317075,0.987105958381959,0.0994968622759115,NA,0.00587964057922363
"Classical DEB","Extrapolation (25 C)",0.112702116686435,0.990450871658518,0.0876811040973198,NA,NA
"Bayesian DEB","Interpolation (20 C)",0.129210760064665,0.987102673262032,0.0993303838763985,0.933333333333333,1.5471613407135
"Bayesian DEB","Extrapolation (25 C)",0.113121508730687,0.990379670157689,0.0880700018908461,0.986666666666667,NA
"Random Forest","Interpolation (20 C)",0.635398230264499,0.688115105064765,0.514994827091958,NA,0.00784587860107422
"Random Forest","Extrapolation (25 C)",0.770566754430154,0.553604178818261,0.682090526855075,NA,NA
"XGBoost","Interpolation (20 C)",0.120002967963707,0.988875351065978,0.0925619643125954,NA,0.0261173248291016
"XGBoost","Extrapolation (25 C)",0.437136837680164,0.85634048454087,0.391593591942649,NA,NA
